"File","Line","Property","CurrentAttribute"
"C:\Users\Ian\source\repos\tradecontrol.web\src\TCWeb\Models\App_vwCandidateHomeAccount.cs","15","SubjectCode","[StringLength(10)]"
"C:\Users\Ian\source\repos\tradecontrol.web\src\TCWeb\Models\App_vwDocCreditNote.cs","24","SubjectCode","[StringLength(10)]"
"C:\Users\Ian\source\repos\tradecontrol.web\src\TCWeb\Models\App_vwDocDebitNote.cs","24","SubjectCode","[StringLength(10)]"
"C:\Users\Ian\source\repos\tradecontrol.web\src\TCWeb\Models\App_vwDocPurchaseEnquiry.cs","30","SubjectCode","[StringLength(10)]"
"C:\Users\Ian\source\repos\tradecontrol.web\src\TCWeb\Models\App_vwDocPurchaseOrder.cs","30","SubjectCode","[StringLength(10)]"
"C:\Users\Ian\source\repos\tradecontrol.web\src\TCWeb\Models\App_vwDocQuotation.cs","30","SubjectCode","[StringLength(10)]"
"C:\Users\Ian\source\repos\tradecontrol.web\src\TCWeb\Models\App_vwDocSalesInvoice.cs","24","SubjectCode","[StringLength(10)]"
"C:\Users\Ian\source\repos\tradecontrol.web\src\TCWeb\Models\App_vwDocSalesOrder.cs","28","SubjectCode","[StringLength(10)]"
"C:\Users\Ian\source\repos\tradecontrol.web\src\TCWeb\Models\App_vwWarehouseOrg.cs","15","SubjectCode","[StringLength(10)]"
"C:\Users\Ian\source\repos\tradecontrol.web\src\TCWeb\Models\Cash_vwAccountStatementListing.cs","56","SubjectCode","[StringLength(10)]"
"C:\Users\Ian\source\repos\tradecontrol.web\src\TCWeb\Models\Cash_vwPaymentsListing.cs","15","SubjectCode","[StringLength(10)]"
"C:\Users\Ian\source\repos\tradecontrol.web\src\TCWeb\Models\Cash_vwStatement.cs","15","SubjectCode","[StringLength(10)]"
"C:\Users\Ian\source\repos\tradecontrol.web\src\TCWeb\Models\Cash_vwStatementReserve.cs","24","SubjectCode","[StringLength(10)]"
"C:\Users\Ian\source\repos\tradecontrol.web\src\TCWeb\Models\Cash_vwStatementWhatIf.cs","15","SubjectCode","[StringLength(10)]"
"C:\Users\Ian\source\repos\tradecontrol.web\src\TCWeb\Models\Cash_vwTaxCorpAuditAccrual.cs","24","SubjectCode","[StringLength(10)]"
"C:\Users\Ian\source\repos\tradecontrol.web\src\TCWeb\Models\Cash_vwUnMirrored.cs","16","SubjectCode","[StringLength(10)]"
"C:\Users\Ian\source\repos\tradecontrol.web\src\TCWeb\Models\Invoice_vwAccountsMode.cs","21","SubjectCode","[StringLength(10)]"
"C:\Users\Ian\source\repos\tradecontrol.web\src\TCWeb\Models\Invoice_vwAgedDebtPurchase.cs","18","SubjectCode","[StringLength(10)]"
"C:\Users\Ian\source\repos\tradecontrol.web\src\TCWeb\Models\Invoice_vwAgedDebtSale.cs","18","SubjectCode","[StringLength(10)]"
"C:\Users\Ian\source\repos\tradecontrol.web\src\TCWeb\Models\Invoice_vwCandidateCredit.cs","21","SubjectCode","[StringLength(10)]"
"C:\Users\Ian\source\repos\tradecontrol.web\src\TCWeb\Models\Invoice_vwCandidateDebit.cs","21","SubjectCode","[StringLength(10)]"
"C:\Users\Ian\source\repos\tradecontrol.web\src\TCWeb\Models\Invoice_vwCandidatePurchase.cs","18","SubjectCode","[StringLength(10)]"
"C:\Users\Ian\source\repos\tradecontrol.web\src\TCWeb\Models\Invoice_vwCandidateSale.cs","18","SubjectCode","[StringLength(10)]"
"C:\Users\Ian\source\repos\tradecontrol.web\src\TCWeb\Models\Invoice_vwChangeLog.cs","19","SubjectCode","[StringLength(10)]"
"C:\Users\Ian\source\repos\tradecontrol.web\src\TCWeb\Models\Invoice_vwCreditNoteSpool.cs","26","SubjectCode","[StringLength(10)]"
"C:\Users\Ian\source\repos\tradecontrol.web\src\TCWeb\Models\Invoice_vwCreditSpoolByItem.cs","25","SubjectCode","[StringLength(10)]"
"C:\Users\Ian\source\repos\tradecontrol.web\src\TCWeb\Models\Invoice_vwDebitNoteSpool.cs","26","SubjectCode","[StringLength(10)]"
"C:\Users\Ian\source\repos\tradecontrol.web\src\TCWeb\Models\Invoice_vwHistoryPurchase.cs","27","SubjectCode","[StringLength(10)]"
"C:\Users\Ian\source\repos\tradecontrol.web\src\TCWeb\Models\Invoice_vwHistoryPurchaseItem.cs","37","SubjectCode","[StringLength(10)]"
"C:\Users\Ian\source\repos\tradecontrol.web\src\TCWeb\Models\Invoice_vwHistorySale.cs","24","SubjectCode","[StringLength(10)]"
"C:\Users\Ian\source\repos\tradecontrol.web\src\TCWeb\Models\Invoice_vwHistorySalesItem.cs","35","SubjectCode","[StringLength(10)]"
"C:\Users\Ian\source\repos\tradecontrol.web\src\TCWeb\Models\Invoice_vwMirror.cs","18","SubjectCode","[StringLength(10)]"
"C:\Users\Ian\source\repos\tradecontrol.web\src\TCWeb\Models\Invoice_vwMirrorEvent.cs","18","SubjectCode","[StringLength(10)]"
"C:\Users\Ian\source\repos\tradecontrol.web\src\TCWeb\Models\Invoice_vwNetworkChangeLog.cs","16","SubjectCode","[StringLength(10)]"
"C:\Users\Ian\source\repos\tradecontrol.web\src\TCWeb\Models\Invoice_vwRegisterExpense.cs","41","SubjectCode","[StringLength(10)]"
"C:\Users\Ian\source\repos\tradecontrol.web\src\TCWeb\Models\Invoice_vwRegisterItem.cs","33","SubjectCode","[StringLength(10)]"
"C:\Users\Ian\source\repos\tradecontrol.web\src\TCWeb\Models\Invoice_vwRegisterPurchase.cs","20","SubjectCode","[StringLength(10)]"
"C:\Users\Ian\source\repos\tradecontrol.web\src\TCWeb\Models\Invoice_vwRegisterPurchasesOverdue.cs","18","SubjectCode","[StringLength(10)]"
"C:\Users\Ian\source\repos\tradecontrol.web\src\TCWeb\Models\Invoice_vwRegisterPurchaseTask.cs","33","SubjectCode","[StringLength(10)]"
"C:\Users\Ian\source\repos\tradecontrol.web\src\TCWeb\Models\Invoice_vwRegisterSale.cs","20","SubjectCode","[StringLength(10)]"
"C:\Users\Ian\source\repos\tradecontrol.web\src\TCWeb\Models\Invoice_vwRegisterSalesOverdue.cs","18","SubjectCode","[StringLength(10)]"
"C:\Users\Ian\source\repos\tradecontrol.web\src\TCWeb\Models\Invoice_vwRegisterSaleTask.cs","33","SubjectCode","[StringLength(10)]"
"C:\Users\Ian\source\repos\tradecontrol.web\src\TCWeb\Models\Invoice_vwSalesInvoiceSpool.cs","25","SubjectCode","[StringLength(10)]"
"C:\Users\Ian\source\repos\tradecontrol.web\src\TCWeb\Models\Invoice_vwSalesInvoiceSpoolByActivity.cs","25","SubjectCode","[StringLength(10)]"
"C:\Users\Ian\source\repos\tradecontrol.web\src\TCWeb\Models\Invoice_vwSalesInvoiceSpoolByItem.cs","25","SubjectCode","[StringLength(10)]"
"C:\Users\Ian\source\repos\tradecontrol.web\src\TCWeb\Models\Object_vwUnMirrored.cs","16","SubjectCode","[StringLength(10)]"
"C:\Users\Ian\source\repos\tradecontrol.web\src\TCWeb\Models\Project_vwActiveDatum.cs","21","SubjectCode","[StringLength(10)]"
"C:\Users\Ian\source\repos\tradecontrol.web\src\TCWeb\Models\Project_vwAllocationSvD.cs","21","SubjectCode","[StringLength(10)]"
"C:\Users\Ian\source\repos\tradecontrol.web\src\TCWeb\Models\Project_vwChangeLog.cs","25","SubjectCode","[StringLength(10)]"
"C:\Users\Ian\source\repos\tradecontrol.web\src\TCWeb\Models\Project_vwFlow.cs","38","SubjectCode","[StringLength(10)]"
"C:\Users\Ian\source\repos\tradecontrol.web\src\TCWeb\Models\Project_vwNetworkAllocation.cs","18","SubjectCode","[StringLength(10)]"
"C:\Users\Ian\source\repos\tradecontrol.web\src\TCWeb\Models\Project_vwNetworkChangeLog.cs","15","SubjectCode","[StringLength(10)]"
"C:\Users\Ian\source\repos\tradecontrol.web\src\TCWeb\Models\Project_vwNetworkEventLog.cs","41","SubjectCode","[StringLength(10)]"
"C:\Users\Ian\source\repos\tradecontrol.web\src\TCWeb\Models\Project_vwNetworkQuotation.cs","21","SubjectCode","[StringLength(10)]"
"C:\Users\Ian\source\repos\tradecontrol.web\src\TCWeb\Models\Project_vwOp.cs","66","SubjectCode","[StringLength(10)]"
"C:\Users\Ian\source\repos\tradecontrol.web\src\TCWeb\Models\Project_vwProfit.cs","17","SubjectCode","[StringLength(10)]"
"C:\Users\Ian\source\repos\tradecontrol.web\src\TCWeb\Models\Project_vwPurchaseEnquiryDeliverySpool.cs","42","SubjectCode","[StringLength(10)]"
"C:\Users\Ian\source\repos\tradecontrol.web\src\TCWeb\Models\Project_vwPurchaseEnquirySpool.cs","32","SubjectCode","[StringLength(10)]"
"C:\Users\Ian\source\repos\tradecontrol.web\src\TCWeb\Models\Project_vwPurchaseOrderDeliverySpool.cs","42","SubjectCode","[StringLength(10)]"
"C:\Users\Ian\source\repos\tradecontrol.web\src\TCWeb\Models\Project_vwPurchaseOrderSpool.cs","32","SubjectCode","[StringLength(10)]"
"C:\Users\Ian\source\repos\tradecontrol.web\src\TCWeb\Models\Project_vwQuotationSpool.cs","32","SubjectCode","[StringLength(10)]"
"C:\Users\Ian\source\repos\tradecontrol.web\src\TCWeb\Models\Project_vwQuote.cs","26","SubjectCode","[StringLength(10)]"
"C:\Users\Ian\source\repos\tradecontrol.web\src\TCWeb\Models\Project_vwSale.cs","32","SubjectCode","[StringLength(10)]"
"C:\Users\Ian\source\repos\tradecontrol.web\src\TCWeb\Models\Project_vwSalesOrderSpool.cs","32","SubjectCode","[StringLength(10)]"
"C:\Users\Ian\source\repos\tradecontrol.web\src\TCWeb\Models\Project_vwTask.cs","21","SubjectCode","[StringLength(10)]"
"C:\Users\Ian\source\repos\tradecontrol.web\src\TCWeb\Models\Subject_vwAssetStatementAudit.cs","24","SubjectCode","[StringLength(10)]"
"C:\Users\Ian\source\repos\tradecontrol.web\src\TCWeb\Models\Subject_vwCashAccountAsset.cs","22","SubjectCode","[StringLength(10)]"
"C:\Users\Ian\source\repos\tradecontrol.web\src\TCWeb\Models\Subject_vwCurrentAccount.cs","23","SubjectCode","[StringLength(10)]"
"C:\Users\Ian\source\repos\tradecontrol.web\src\TCWeb\Models\Subject_vwInvoiceSummary.cs","15","SubjectCode","[StringLength(10)]"
"C:\Users\Ian\source\repos\tradecontrol.web\src\TCWeb\Models\Subject_vwInvoiceTask.cs","15","SubjectCode","[StringLength(10)]"
"C:\Users\Ian\source\repos\tradecontrol.web\src\TCWeb\Models\Subject_vwListActive.cs","15","SubjectCode","[StringLength(10)]"
"C:\Users\Ian\source\repos\tradecontrol.web\src\TCWeb\Models\Subject_vwListAll.cs","15","SubjectCode","[StringLength(10)]"
"C:\Users\Ian\source\repos\tradecontrol.web\src\TCWeb\Models\Subject_vwStatementReport.cs","15","SubjectCode","[StringLength(10)]"
"C:\Users\Ian\source\repos\tradecontrol.web\src\TCWeb\Models\Subject_vwStatusReport.cs","15","SubjectCode","[StringLength(10)]"
"C:\Users\Ian\source\repos\tradecontrol.web\src\TCWeb\Models\Subject_vwTask.cs","15","SubjectCode","[StringLength(10)]"
